{
    "loss": 10175.800739694148,
    "recon_loss": 8748.956496218418,
    "kl_loss": 1426.844242177111
}