{
    "loss": 6239.32436938996,
    "recon_loss": 4669.418555726396,
    "kl_loss": 1569.9058305456283
}