{
    "loss": 2045.1170582682291,
    "recon_loss": 1656.9028291015625,
    "kl_loss": 388.2142303059896
}