{
    "loss": 1550.8267880859376,
    "recon_loss": 1169.2839964192708,
    "kl_loss": 381.54279052734375
}