{
    "loss": 137530.359375,
    "recon_loss": 136629.90625,
    "kl_loss": 900.4570922851562
}