{
    "loss": 984.744797281901,
    "recon_loss": 775.5100152180989,
    "kl_loss": 209.23478275553384
}