{
    "loss": 49326.80078125,
    "recon_loss": 49058.89466145833,
    "kl_loss": 267.90621083577474
}