{
    "loss": 98245.6890625,
    "recon_loss": 97321.39947916666,
    "kl_loss": 924.2892618815105
}