{
    "loss": 9478.036051432291,
    "recon_loss": 9293.63359375,
    "kl_loss": 184.4024408976237
}