{
    "loss": 9348.148095703125,
    "recon_loss": 9164.197216796874,
    "kl_loss": 183.9508855183919
}