{
    "loss": 131353.87447916667,
    "recon_loss": 128437.21145833333,
    "kl_loss": 2916.66220703125
}