{
    "loss": 9310.601936848958,
    "recon_loss": 9146.829313151042,
    "kl_loss": 163.77263387044272
}