{
    "loss": 9341.750455729167,
    "recon_loss": 9171.416520182293,
    "kl_loss": 170.3338872273763
}