{
    "loss": 98570.39322916667,
    "recon_loss": 98057.18020833333,
    "kl_loss": 513.2135375976562
}