{
    "loss": 180550.140625,
    "recon_loss": 179321.4462890625,
    "kl_loss": 1228.6971435546875
}